N,mu,n_ratio,1,2,3,4,5,6,7,8,9,10,11,12,13,14,15,16,17,18,19,20,21,22,23,24,25,26,27,28,29,30,31,32,33,34,35,36,37,38,39,40,41,42,43,44,45,46,47,48,49,50,51,52,53,54,55,56,57,58,59,60,61,62,63,64,65,66,67,68,69,70,71,72,73,74,75,76,77,78,79,80,81,82,83,84,85,86,87,88,89,90,91,92,93,94,95,96,97,98,99,100,101,102,103,104,105,106,107,108,109,110,111,112,113,114,115,116,117,118,119,120,121,122,123,124,125,126,127,128,129,130,131,132,133,134,135,136,137,138,139,140,141,142,143,144,145,146,147,148,149,150,151,152,153,154,155,156,157,158,159,160,161,162,163,164,165,166,167,168,169,170,171,172,173,174,175,176,177,178,179,180,181,182,183,184,185,186,187,188,189,190,191,192,193,194,195,196,197,198,199,200
10,1.3587,1.127,4.843,4.8116,4.9084,5.1726,5.1882,5.0835,5.0123,5.061,5.2827,5.4652,5.5428,5.8745,6.1964,6.3792,6.4852,6.4384,6.9438,7.3061,7.5512,7.3552,7.9624,8.1806,8.3467,8.4239,8.5309,8.7036,8.7413,8.5992,8.54,8.2235,8.7848,8.6802,8.6525,8.9133,8.6096,8.681,8.6569,8.709,8.2435,8.4231,8.2641,8.2212,7.9478,7.9426,7.6194,7.7591,7.064,7.9924,8.312,8.2971,7.6851,7.0132,6.9022,6.8724,7.5304,7.8896,8.2303,7.9525,8.2334,7.9471,7.4477,6.9677,6.3861,6.2931,6.0249,5.4784,5.6778,5.0879,5.1041,5.4374,5.7315,6.0935,6.322,6.4699,6.7665,6.8931,6.7417,7.9189,7.2043,7.7334,7.637,7.9947,7.5927,7.6416,7.6112,7.6915,8.0851,8.2198,8.0446,8.0241,7.9996,7.8135,7.9606,7.703,7.2997,8.2319,8.2004,8.202,8.6217,8.6062,8.6296,8.3546,8.1215,8.2332,8.6554,8.6854,8.7432,8.5001,8.2697,7.9762,7.8792,8.2979,8.133,7.8427,7.7412,7.5703,7.8557,7.7311,7.4127,7.6104,7.8274,7.8796,7.3153,6.9105,7.0186,6.8473,7.332,8.0763,7.9515,8.1372,7.975,8.0684,8.1813,8.0506,8.2592,8.5905,8.0056,8.0257,7.9932,8.3277,7.9917,7.9624,7.689,8.1164,8.465,8.6336,8.5831,8.6435,8.8928,9.0205,8.6624,8.6862,8.7781,8.7458,8.6276,8.2562,8.4481,7.8581,7.7455,7.7553,7.7991,8.0772,8.083,8.2079,8.5129,8.7001,8.7628,8.7409,8.6571,8.9242,8.7163,8.6577,8.1972,8.3083,8.9698,8.9447,9.0394,9.2279,9.0759,8.8705,9.1601,8.9148,8.7357,8.6629,8.8808,8.7936,8.6702,8.6035,8.6072,8.7462,8.4359,8.6234,8.632,8.5963,8.361,7.6519,8.025,7.9848,8.3864,8.8773
10,0.343,1.0642,3.2909,3.0312,3.1074,3.4072,3.6947,3.9263,4.0281,3.9529,4.26,4.4392,4.8497,5.0009,5.3524,5.0202,5.5149,5.9279,6.241,5.929,6.0448,6.0005,6.1503,6.3713,6.5982,6.415,6.2833,6.4923,6.4437,6.0468,6.4325,7.1419,7.6658,7.7734,8.0211,8.0815,8.0103,8.1973,8.2974,9.1348,9.0225,8.7126,8.7556,8.7779,8.2558,8.2873,9.0544,9.2821,8.881,8.7767,8.77,8.1818,7.4637,8.2259,8.5239,8.333,8.5265,8.4659,9.0254,9.4732,9.7843,9.44,9.2313,9.5026,9.1281,9.206,9.3155,9.3089,9.1198,8.8472,8.9668,8.6273,9.0452,8.7787,8.2856,8.2894,8.361,8.0928,8.1673,7.8679,8.1976,8.8736,8.2123,8.4774,8.5033,8.8584,8.6332,8.9702,8.5661,8.809,8.7681,8.8434,8.9461,8.6703,9.2953,9.2983,8.8634,8.9667,8.972,8.891,9.4298,9.1815,9.3649,9.2454,9.437,9.584,9.0213,9.5219,9.1643,9.3334,9.3513,9.3519,8.4283,7.9532,7.6086,8.4927,8.9152,8.6362,9.3837,9.148,9.4018,9.3748,9.1297,8.4077,8.7709,9.2151,9.3481,9.5662,9.5111,9.6735,9.7738,9.7558,9.8853,9.5122,9.1029,8.3637,9.1578,8.3605,8.6082,8.9033,9.0934,9.0998,9.3838,9.5964,9.4668,9.6573,9.4024,9.4919,9.1591,9.4542,9.1378,9.4031,9.3174,9.0882,9.3086,8.9637,9.5728,9.6773,9.772,9.2028,8.5847,8.6957,9.1624,8.9402,8.3274,8.4219,8.8185,9.2393,8.6574,8.9678,8.8752,8.9328,8.8848,9.368,9.0785,9.3074,9.2276,9.3104,9.5037,9.3632,9.0966,9.1722,9.2516,9.3272,9.0661,8.8542,8.5654,9.0842,9.3672,9.1026,9.2183,9.5313,9.4689,9.4239,9.1862,9.2158,8.7833,9.1619,9.0812,8.8156,8.7233,8.606
3,1.1213,1.7485,2.0971,2.0007,2.2781,2.129,2.1353,2.335,2.4201,2.7241,2.6785,2.5495,2.3243,2.1677,2.0473,2.0154,1.9271,1.9162,1.9069,1.9678,1.9761,2.0342,2.0721,2.1177,2.1727,2.1665,2.2603,2.2759,2.4866,2.6138,2.682,2.7332,2.9563,2.9721,2.9587,2.8658,2.8474,2.9276,2.8319,2.8984,2.9786,2.9782,2.981,2.9698,2.9609,2.8593,2.6254,2.6588,2.6825,2.6828,2.3446,2.689,2.8096,2.6693,2.4913,2.2615,2.7333,2.6468,2.6534,2.7716,2.8573,2.9192,2.8475,2.778,2.6074,2.608,2.7392,2.8073,2.9082,2.9591,2.9476,2.9793,2.8099,2.9806,2.9373,2.7839,2.6733,2.6953,2.8448,2.7835,2.734,2.6873,2.741,2.7931,2.7079,2.616,2.5625,2.4613,2.7361,2.6642,2.2061,2.3777,2.4622,2.3222,2.2888,2.1717,2.2684,2.4024,2.5576,2.9763,2.8956,2.691,2.6929,2.6589,2.4264,2.4138,2.3243,2.2847,2.9222,2.3529,2.2473,2.3188,2.3933,2.3714,2.6285,2.2443,2.2001,2.1831,2.2801,2.5499,2.5971,2.3207,2.3344,2.3256,2.5712,2.7397,2.7748,2.9472,2.8913,2.768,2.7314,2.631,2.5964,2.523,2.6006,2.6897,2.6734,2.8473,2.6604,2.5545,2.582,2.826,2.7965,2.6582,2.5625,2.5748,2.7442,2.7915,2.6533,2.8697,2.9305,2.9408,2.9099,2.8449,2.8083,2.8793,2.8307,2.7949,2.7117,2.5854,2.4666,2.7591,2.5916,2.5925,2.6398,2.6506,2.8809,2.8775,2.8881,2.8192,2.9015,2.8758,2.8284,2.777,2.628,2.5542,2.4376,2.4056,2.4965,2.3217,2.3571,2.1789,2.1529,2.1803,2.1345,2.0398,1.8626,1.8658,1.8741,2.0101,1.7924,1.6781,1.8139,1.7458,1.7605,1.6008,1.9113,1.982,2.3289,2.2279,2.1865,2.151
8,1.0474,1.0293,5.2211,5.1854,5.8483,5.9822,6.2609,6.2983,6.3271,6.3478,6.0433,6.1882,6.1106,5.9363,5.7367,5.8228,5.4734,5.5618,5.5037,5.6326,5.6307,5.8956,6.003,6.2362,6.376,6.1489,6.3679,6.5308,6.4083,6.6426,6.7576,6.9355,6.8396,6.6674,7.1213,7.4035,7.6961,7.662,7.4478,7.4261,7.3518,7.2151,7.2369,7.0465,7.016,7.2778,7.167,6.9816,7.3895,6.8175,6.7261,6.8573,6.4991,6.7065,6.9641,7.1529,7.1011,7.3578,7.1366,7.2873,7.4391,7.3926,7.221,7.3782,7.2153,7.3765,6.7294,7.3009,6.4007,6.7489,7.2587,7.4141,7.3049,7.0594,6.5927,6.5962,6.5291,6.8083,7.1807,7.1274,7.3127,7.0235,6.6034,6.6239,6.6689,7.1925,7.0348,6.7271,6.5095,5.8774,5.8874,6.2456,7.0417,6.4464,6.279,6.62,6.9256,7.0066,6.9406,7.3127,7.1387,7.3203,7.3707,7.1903,7.1759,7.1096,7.0192,6.8652,6.8966,6.5514,6.6268,7.2373,7.3999,7.3842,6.8293,6.9724,6.8314,6.7223,6.5758,6.259,6.6394,6.7039,6.5006,6.6092,6.3687,6.2546,6.3673,6.5355,6.5717,6.3667,6.2274,6.2246,6.5076,6.5175,6.2695,6.3838,6.5991,6.455,6.339,6.7782,6.6896,6.2148,6.1129,6.2456,5.9249,5.6819,5.7565,5.8577,5.8506,5.7041,5.4138,5.975,6.1292,5.8672,5.6619,6.1529,6.1815,6.3125,6.1396,6.7046,6.6069,7.1642,7.3426,7.1899,7.4904,7.4454,7.3089,7.4767,7.3898,7.0631,7.3307,7.1955,7.2058,7.302,7.3718,7.467,7.4942,6.9036,6.6686,6.3749,6.3638,7.1835,7.0847,6.8053,6.5417,6.5946,6.8155,7.048,7.2974,7.5227,7.5073,7.6259,7.7503,7.8354,7.7045,7.8078,7.6936,7.4561,7.4371,7.558,7.3851,7.4848
6,1.0961,1.2612,3.7621,3.6734,3.6262,3.7469,3.0624,3.045,3.0851,3.3239,3.7085,3.631,3.5134,3.3855,3.3543,3.2731,3.3406,3.2832,3.2006,3.2997,3.2721,3.4229,3.3288,3.3299,3.2054,3.1395,3.1426,3.2485,3.3618,3.3406,3.2517,3.2229,3.1088,3.1407,3.2097,3.1979,3.3373,3.4866,3.4212,3.6765,3.9266,3.934,3.8465,3.6657,3.6462,3.679,3.6481,3.6131,3.6582,3.3177,3.3322,3.5667,3.4853,3.4139,3.3786,3.4204,3.546,3.536,3.5476,3.9358,3.7792,3.6073,3.3642,3.2606,3.1491,3.4071,3.4637,3.5251,3.5443,3.4292,3.6462,3.4721,3.426,3.2709,3.0583,2.9574,2.842,2.9891,3.0622,3.0176,3.1012,3.109,2.9641,2.9172,2.9704,2.9896,2.9968,3.2835,3.8904,3.3468,3.0636,3.2252,3.2008,3.1657,3.1302,3.2524,3.378,4.609,3.6104,3.6386,3.6021,4.5658,4.4227,4.2087,3.9906,4.1305,4.2953,4.3556,4.4765,4.2601,4.2297,4.575,4.54,4.6395,4.5784,4.8262,4.7311,4.7645,4.7031,4.82,4.7728,4.6934,4.7281,4.6126,4.6394,4.6654,4.7932,4.76,4.7188,4.6731,4.7572,4.7577,4.7184,4.8379,4.7815,4.9054,4.9366,4.8352,4.9726,4.925,4.9834,4.7872,5.0208,5.0847,4.9623,4.9804,4.9363,4.9331,5.0109,4.9483,5.0257,5.0096,4.8757,4.8654,4.7994,4.8091,4.9462,5.0273,4.9193,4.8965,5.0049,4.9636,4.953,4.7238,4.8126,4.9425,4.9915,4.9686,4.9921,5.0999,4.9443,4.9525,4.9403,4.6851,4.7998,4.8496,4.848,4.6629,4.8721,4.8287,4.7298,4.9617,5.0372,4.9334,4.7532,4.9496,4.8753,4.9544,4.8008,4.7717,4.8575,4.9783,4.8842,4.9686,4.959,4.7984,5.0256,5.0803,4.9652,4.913,4.6769,4.4603
6,1.1873,1.8392,3.2447,3.29,3.0363,2.8844,2.8897,3.0697,2.9794,2.8716,2.956,3.3718,3.5976,4.0922,4.1079,4.0222,3.8862,3.6579,3.7041,3.6285,3.9413,4.181,4.3293,4.363,4.2135,4.3734,4.3734,4.548,4.5161,4.439,4.5398,4.4788,4.4977,4.5357,4.6847,4.7056,4.7844,4.9434,4.817,5.1083,5.1628,5.3563,5.3409,5.3322,5.4258,5.4158,5.2919,5.3588,5.4018,5.27,5.3567,5.3756,5.3176,5.1612,5.0912,4.6903,4.5333,4.3662,4.2513,4.3048,4.1419,4.7262,4.8093,4.9019,4.7205,4.6924,4.4485,4.4146,4.9033,4.9301,4.6275,4.9622,4.8155,4.8185,4.9265,5.0354,4.9455,5.2164,5.1506,4.6811,4.6663,4.7069,4.5776,4.718,4.8554,5.0718,5.1206,5.4251,5.4638,5.5353,5.3265,5.126,4.9512,5.1137,5.0235,5.1335,5.0954,4.4503,4.3318,3.9594,4.1469,3.8777,3.4603,3.6723,3.9885,3.9346,4.4025,4.5054,4.6312,4.5226,4.7068,4.753,4.352,4.5629,4.8776,4.9344,5.0986,5.2414,5.2513,5.0358,4.5471,5.4661,5.4109,4.8976,5.3892,4.9602,5.3191,4.807,5.461,4.9178,5.1624,5.3404,5.2005,5.226,5.1144,5.1948,5.1652,5.1803,5.0438,5.053,5.2093,5.0526,5.0018,4.9025,4.6539,4.639,4.1767,4.7186,5.2978,5.4537,5.399,5.4802,5.5326,5.5319,5.319,5.3933,5.2946,4.88,4.6184,4.6548,4.93,4.6135,4.6229,4.6075,4.6624,4.9374,4.8991,5.1155,5.3149,4.9313,4.9432,4.8558,5.0882,4.3117,4.5497,4.8743,4.8223,4.983,4.8998,4.8756,5.3273,5.2431,5.119,5.1661,4.968,4.9491,4.9825,5.1,5.1501,5.3575,5.3951,5.3964,5.3627,5.1354,5.3494,5.2656,5.3481,5.1773,4.889,4.9263,4.7975,4.5488
12,1.4976,1.9875,4.4297,4.6395,4.4866,4.5457,4.5809,4.7307,4.9233,5.1486,5.7029,6.1177,6.3117,6.3378,6.1851,6.4756,6.9504,6.9731,6.9288,7.1452,6.7201,7.6374,8.0346,8.9198,8.7952,8.8993,9.3328,9.1257,9.2301,9.314,8.731,9.0751,9.5359,9.8606,9.6173,9.0472,8.8312,8.4365,8.6657,9.3446,9.49,9.414,9.1582,8.9816,9.0246,9.2996,9.5431,9.1513,9.1475,9.6799,9.5778,9.8536,10.29,10.605,10.857,10.815,10.06,10.861,10.815,11.127,10.682,10.785,10.529,10.771,10.442,10.468,10.131,10.554,10.436,10.629,10.013,10.416,10.43,10.708,10.451,10.633,10.295,10.163,10.179,9.7465,10.287,10.585,10.36,10.482,10.423,9.8059,10.689,10.336,10.177,10.469,10.328,10.406,10.643,10.686,10.591,11.158,10.926,10.581,10.2,10.092,9.5619,9.3977,9.099,9.2809,9.0824,9.3556,9.4879,9.572,9.3011,9.2178,9.5503,9.2317,9.3293,9.8869,9.7319,9.6369,9.7871,9.9142,9.9735,9.4897,10.089,9.4104,9.5381,9.503,9.401,9.9005,10.308,10.459,10.722,10.575,10.67,11.046,10.527,9.6462,9.8291,9.4912,9.4054,9.7721,9.2124,8.8599,8.8381,9.1466,8.6072,8.2728,8.7413,9.4064,9.6396,10.125,10.368,10.159,9.9347,9.9417,10.054,9.8692,10.305,10.205,10.604,10.846,10.755,10.632,10.534,10.754,10.812,10.45,10.253,10.346,10.191,10.301,10.034,10.242,10.24,10.897,11.14,10.541,10.441,10.392,10.177,10.118,9.6004,10.149,10.199,9.8162,9.5251,9.5719,10.342,9.7728,9.5002,9.7651,9.6505,10.167,10.076,10.453,10.422,9.9905,10.215,9.9514,10.284,9.7283,9.4375,8.844,8.7636,8.8774
11,0.01191,1.634,4.8844,4.3621,4.9337,5.0645,5.1826,5.5723,5.7756,6.1009,6.2067,6.4669,6.8164,6.6379,7.7435,7.9211,8.2777,8.5563,8.6045,9.037,9.1361,9.2503,9.3603,9.4924,9.1037,9.2761,9.3384,9.1388,9.5501,9.0247,9.0782,9.2061,9.2167,9.4472,9.7253,9.8074,9.1467,9.5849,9.4563,8.9284,8.9822,8.7262,9.8798,9.5462,9.452,9.3644,9.5764,9.8628,9.9375,9.9907,10.13,10.648,10.463,9.8641,9.6217,9.5149,9.5926,9.5988,9.5386,9.7082,9.6211,9.0625,9.1818,9.3599,9.2072,9.8276,9.9482,9.7997,9.9124,10.009,10.25,10.619,10.768,10.495,10.242,9.8747,9.6959,9.9145,10.351,9.6586,9.4462,9.6937,9.8588,9.7731,10.245,10.34,10.257,10.142,10.022,10.239,10.311,9.9931,10.259,9.7254,9.6904,8.6747,9.3,9.0874,9.4916,9.895,9.7221,9.4899,9.8949,9.9597,9.9404,9.8348,10.298,10.46,9.9929,10.499,10.731,10.6,10.411,10.353,10.289,10.333,9.5609,9.8829,9.4582,9.5355,9.4823,10.017,9.65,9.3182,9.637,9.917,10.297,10.508,10.357,10.155,10.163,10.242,9.7444,9.8063,9.5125,10.496,10.239,10.142,9.8606,9.5174,9.7245,9.9371,9.5857,10.17,9.6942,10.198,9.7049,9.8642,9.9781,9.8177,9.6718,9.3148,9.5209,9.6671,9.9832,9.5368,10.421,10.026,10.144,10.036,10.396,10.426,10.6,10.667,9.9391,9.9013,9.8836,9.9499,10.293,10.43,10.444,10.121,9.8864,10.134,9.9622,9.9341,10.032,9.4865,9.5864,10.193,10.099,9.8478,10.141,10.609,10.082,10.183,10.258,10.512,10.54,10.353,10.585,10.532,10.631,10.602,10.355,10.118,10.47,10.045,10.339,10.266,9.9714,9.9314
6,0.99201,1.8957,3.962,4.0972,3.6273,4.093,4.5244,3.6285,3.687,4.1684,3.8857,3.272,3.0568,2.7509,2.806,2.7786,2.7472,2.9012,2.8873,3.0985,2.9127,2.9437,3.0388,4.137,4.3312,4.6372,3.5711,3.3742,3.287,3.5776,3.5854,3.7413,3.5466,3.4153,3.4871,3.7535,3.6923,3.8501,4.1121,3.8539,3.7538,3.5394,3.2769,3.6373,3.8473,3.9094,3.8882,3.6971,3.4834,3.3863,3.8733,3.1734,3.3235,3.605,4.1267,3.8865,3.7869,3.9763,4.1233,4.3118,4.3429,4.6315,4.5426,4.5235,4.5225,4.4689,4.3354,4.5692,4.4127,4.3638,4.2871,4.1774,4.2231,4.2677,4.2143,4.3938,4.4152,4.1424,4.2369,4.4054,4.5726,4.6616,4.8216,4.8081,4.5472,4.4886,4.3244,4.3721,4.2841,4.4254,4.5307,4.6328,4.6872,5.1839,5.1628,5.0423,5.2161,5.2489,5.1942,5.3347,5.0974,5.1568,5.2793,5.1653,5.1826,5.2496,5.1145,4.9147,4.8675,4.7923,5.0944,5.2051,5.1644,5.1113,5.1245,4.9087,5.0513,5.0373,4.632,5.1043,5.1775,5.3631,5.122,4.9754,4.7327,4.8117,4.3443,4.5155,4.9482,5.1541,5.1841,5.1788,5.2838,5.305,5.0511,4.8987,4.809,4.9289,4.9462,4.8115,5.059,5.1507,5.1617,5.0134,4.7942,4.9712,5.1132,5.0313,4.8984,4.7524,4.6806,4.8376,4.8457,4.9054,4.8325,4.7495,4.2668,4.2844,4.237,4.2144,4.2974,4.1054,4.2636,4.0097,4.1188,4.3749,4.6206,4.7901,4.8921,4.8978,5.1013,5.2256,5.3006,5.2376,5.4206,5.3895,5.0422,5.1428,5.1368,4.8243,4.5129,4.2929,4.9855,4.6931,5.1436,5.1959,5.2405,5.1431,5.304,5.212,5.1016,5.094,5.0108,4.8058,4.8099,5.1104,5.1952,5.3587,5.3792,5.4454,5.459,5.4636
4,0.65143,1.0251,2.1392,2.0969,2.0983,1.9808,2.0142,2.0962,2.0953,2.1787,2.2781,2.3051,2.2865,2.2579,2.2894,2.3509,2.4995,2.5557,2.7871,2.983,3.2472,3.2632,3.1052,3.1442,3.0261,3.1664,3.2272,3.2384,3.245,3.3632,3.3474,3.4071,3.3766,3.5869,3.8123,3.9071,3.9667,3.9693,3.9495,3.9165,3.8043,3.7343,3.6568,3.6709,3.6739,3.7301,3.745,3.6338,3.8359,3.8382,3.861,3.9153,3.9962,3.6623,3.8634,3.8026,3.8015,3.9217,3.9287,3.8222,3.808,3.7647,3.9187,3.9763,3.9544,3.945,3.9335,3.8197,3.9172,3.8994,3.7291,3.6606,3.8221,3.8657,3.8494,3.8885,3.8085,3.864,3.9191,3.9267,3.8134,3.7774,3.734,3.8424,3.8741,3.9307,3.9083,3.8819,3.8604,3.809,3.8021,3.8474,3.9141,3.9177,3.7321,3.7757,3.845,3.5853,3.8566,3.8145,3.7714,3.9043,3.9259,3.8342,3.8752,3.9185,3.7929,3.8849,3.8724,3.8573,3.7411,3.7781,3.8273,3.7794,3.6733,3.7638,3.5784,3.5987,3.4641,3.4452,3.5194,3.4458,3.5115,3.5104,3.574,3.5403,3.4909,3.6585,3.5365,3.4672,3.4105,3.4038,3.8506,3.8314,3.4751,3.5152,3.5048,3.4923,3.4923,3.4745,3.5417,3.3064,3.225,2.9912,3.1036,3.1198,3.0109,3.0981,3.2437,3.3403,3.22,3.3306,3.1949,2.7228,3.1466,2.8287,3.2209,3.6303,3.6034,3.4137,3.4755,3.7051,3.6211,3.598,3.4619,3.43,3.4326,3.386,3.6142,3.2367,3.2385,3.4912,3.6252,3.6445,3.7235,3.5075,3.4485,3.3671,3.4732,3.3398,3.3261,3.3139,3.4211,3.3086,3.4655,3.4781,3.4323,3.4994,3.3403,3.5145,3.218,3.3381,3.6244,3.6639,3.5431,3.3274,3.2924,3.3115,3.4231,3.2822,3.0961,3.0034
11,0.02797,1.7283,2.2228,2.1036,2.4508,2.474,2.3536,2.407,3.2208,3.2685,3.6381,5.0892,5.0778,4.957,5.1423,4.5871,4.7114,4.9243,5.599,5.9495,6.2953,6.498,6.7893,7.3666,7.1267,7.7038,7.4266,7.5414,7.5491,7.6373,8.312,8.2861,8.7351,8.6206,8.7764,9.3576,9.3319,9.3451,9.6357,9.477,9.2264,9.3718,9.8815,9.8104,9.5134,9.2362,8.4049,8.7414,9.4664,9.1135,9.4892,9.4946,9.5814,9.4141,10.085,9.834,10.138,10.092,9.5769,9.8909,10.1,10.388,10.204,10.278,10.427,9.8308,9.4379,10.332,10.306,10.468,10.463,10.228,9.9443,10.353,10.037,9.8101,9.7428,8.9074,9.4822,9.4759,9.8469,10.062,10.438,10.296,10.34,10.23,10.55,10.488,10.184,10.528,10.626,10.601,10.726,10.497,10.197,10.438,9.967,10.268,10.132,9.9502,9.7573,9.7688,10.221,9.7499,10.061,9.8052,10.199,10.22,10.52,10.077,9.8759,9.9887,9.9915,9.8909,9.6441,10.432,9.725,9.544,9.5488,9.0927,9.1477,8.9373,8.7015,9.011,8.9109,9.5941,9.7472,10.049,9.9241,9.8964,9.544,9.7675,9.7983,10.142,9.481,10.042,10.01,9.5426,9.3315,9.1576,9.1279,9.0612,9.3364,8.9349,8.9542,9.9481,10.103,10.216,9.9545,9.7238,9.8439,10.516,10.385,10.189,10.528,10.117,9.8582,10.106,10.432,9.9716,9.8264,10.445,10.586,10.777,10.432,10.4,10.01,10.011,9.0789,9.0181,9.2205,9.2348,9.5365,9.4943,10.026,10.436,10.796,10.395,9.8503,9.7976,9.5257,10.308,9.862,10.304,9.9496,9.8121,9.5163,9.472,9.9851,9.5581,9.2754,9.2358,9.6669,9.8625,9.972,9.6344,10.186,9.8002,9.4442,9.9363,9.6491,9.4007
2,0.30388,1.8806,1.9665,1.9666,1.8755,1.7408,1.6359,1.4899,1.3733,1.2666,1.2197,1.1969,1.1402,1.1402,1.1824,1.1575,1.1052,1.1052,1.1243,1.0939,1.0914,1.0905,1.1059,1.1468,1.1713,1.1501,1.1116,1.0939,1.0939,1.1151,1.1129,1.0939,1.0819,1.0802,1.0967,1.0749,1.0486,1.0358,1.0391,1.0512,1.057,1.1662,1.1702,1.4052,1.6259,1.6259,1.6815,1.5573,1.426,1.2763,1.3077,1.2661,1.2009,1.1995,1.1911,1.4876,1.5572,1.8038,1.7286,1.4107,1.4142,1.6791,1.6446,1.365,1.3642,1.4545,1.6287,1.4972,1.3226,1.3077,1.4251,1.4465,1.5776,1.5397,1.4771,1.9468,1.9387,1.9972,2,1.8029,1.8579,1.9467,1.9097,1.9854,1.9176,1.8903,1.9635,1.8857,1.8984,1.7895,1.8179,1.9066,1.9652,1.9668,2,1.961,1.9652,1.9716,1.967,1.9265,1.9999,2,1.9998,1.9977,1.9895,1.9794,1.9896,1.9596,1.9962,1.9947,1.9645,1.9902,1.9847,1.9879,1.9669,1.9947,1.9869,1.9838,1.979,1.9871,1.9077,1.823,1.8017,1.6529,1.6566,1.7579,1.8805,1.9371,1.9428,1.999,1.9894,1.9734,1.9764,1.9051,1.9201,1.8846,1.9879,1.9402,1.9759,1.9989,1.9997,1.9772,1.9986,1.9858,1.9822,1.9966,1.994,1.9893,1.9879,1.9475,1.8698,1.9242,1.941,1.9177,1.9316,1.823,1.7718,1.818,1.8182,1.8896,1.8231,1.9998,1.8318,1.9685,1.9854,1.9771,1.9483,1.9816,1.9429,1.9854,2,1.9895,1.9134,1.9039,1.8598,1.7835,1.9944,1.9975,1.916,1.9547,1.9646,1.9871,1.9609,1.9761,1.9856,1.967,1.9005,1.8946,1.8952,1.9554,1.8318,1.863,1.7806,1.74,1.7424,1.6564,1.808,1.8189,1.9852,1.9858,1.9868,1.9389
4,0.8875,1.2276,3.4984,3.5242,3.4088,3.2897,3.2646,3.3127,3.2633,3.2782,3.2524,3.2191,3.2644,3.2656,3.1466,3.2398,3.0714,3.3025,3.1328,3.1053,2.9419,3.0992,2.9952,3.2295,3.3629,3.4435,3.4167,3.2957,2.9499,3.0599,2.9372,2.9277,2.8551,2.7849,2.7733,2.6649,2.8763,2.9069,3.1335,2.8998,2.9606,3.2227,3.0178,3.097,2.9859,2.9396,3.1094,2.9437,2.8018,2.5626,2.4947,2.5731,2.4671,2.65,2.477,2.4053,2.4044,2.5465,2.516,3.021,3.2229,3.4015,2.9605,2.8212,2.9513,3.0799,3.0585,3.1409,2.8635,3.1241,3.6727,3.8221,3.2877,3.2917,3.0482,3.0146,3.0975,3.0496,3.3303,3.7793,3.9387,3.7009,3.5192,3.4801,3.5219,3.7163,3.618,3.5587,3.5003,3.6748,3.5242,3.5333,3.9155,3.9329,3.5921,3.5808,3.3309,3.0986,3.6249,3.4996,3.121,3.1943,3.2689,3.4383,3.3623,3.2807,3.3462,3.5623,3.5874,3.5793,3.6429,3.4472,3.4718,3.2884,3.3984,3.2469,3.2508,3.2756,3.1892,3.2498,3.4292,3.6415,3.5773,3.5121,3.3983,3.8478,3.3734,3.2349,3.531,3.2728,3.7444,3.9521,3.8723,3.624,3.7408,3.8316,3.667,3.5905,3.51,3.8473,3.8553,3.675,3.6879,3.9763,3.7743,3.6961,3.7148,3.8897,3.4837,3.4503,3.2447,3.4918,3.3998,3.2842,3.469,3.5108,3.421,3.4899,3.3919,3.3637,3.5508,3.3401,3.3793,3.3658,3.3446,3.4284,3.4658,3.4664,3.2476,3.1178,2.9899,3.1258,3.1733,3.1887,3.182,3.1071,3.9706,3.8023,3.9278,3.8719,3.7163,3.2793,3.2934,3.5285,3.5898,3.4133,3.4665,3.4195,3.4594,3.4402,3.4735,3.4177,3.565,3.5766,3.403,3.6184,3.5379,3.6511,3.5885,3.6509,3.7242,3.6385
11,0.32106,1.167,5.8131,5.3755,5.5405,5.6734,5.6366,5.2756,5.4318,6.0634,6.33,6.164,6.4083,6.726,7.4217,7.5262,8.0008,7.5105,7.9217,8.4602,8.1714,8.8937,8.9695,8.6162,9.3267,9.9501,9.8792,9.5883,9.9806,9.2265,9.0842,9.1977,9.0222,8.9324,9.1099,9.198,9.1982,9.4089,9.5344,9.7629,9.6997,9.141,9.8818,10.076,10.264,9.7489,9.7007,9.7479,9.9167,9.8553,9.7222,9.299,8.4248,8.4654,9.0315,8.795,9.4013,9.7651,10.157,9.604,8.966,9.292,8.9804,9.2483,9.6435,9.2419,9.8362,9.8854,10.086,10.231,10.349,9.9869,9.8095,9.8862,9.2761,8.6269,9.1671,9.2946,9.3862,8.7882,9.1705,9.5484,9.6918,9.7239,9.256,9.045,8.8779,9.4016,9.3257,8.6452,8.8553,9.0638,9.3352,9.3863,9.5807,9.8243,9.5512,9.7997,9.757,9.5159,9.8401,10.1,10.12,9.9189,9.8519,10.216,9.7024,9.8891,10.192,9.4672,10.122,10.299,9.8389,9.5926,10.034,10.053,9.4193,9.904,9.8914,9.4827,9.4721,9.5996,9.5119,9.4392,9.4647,9.1814,8.8002,8.7192,9.096,8.7058,9.0008,9.5602,9.1749,9.5848,9.582,9.4703,9.79,9.2662,9.5852,9.8381,10.155,9.7084,10.171,10.144,10.227,10.369,10.098,9.8841,10.192,9.6803,9.9452,9.9252,9.8733,9.5411,9.7184,9.8375,9.7261,10.126,9.6957,9.7955,9.7045,9.1947,9.2667,9.761,9.4342,9.2058,9.3303,9.1558,9.3608,9.5096,9.2935,8.952,8.489,9.2291,9.5947,9.9703,10.008,9.8624,10.016,9.7791,9.876,9.906,9.4398,10.104,9.8514,10.138,10.129,10.327,9.7034,9.9663,10.024,10.095,9.8899,10.023,9.8824,9.5569,9.8459,9.9373,10.263,9.9027,10.014,9.2665
6,1.4054,1.4369,4.3485,4.3848,3.9024,4.0169,4.2343,4.8341,5.0056,4.8272,4.9318,4.8585,5.0749,5.1472,5.183,5.0619,5.0093,4.911,5.0625,4.7414,4.6317,4.7398,4.9696,5.1102,5.0995,5.2314,5.1452,5.0049,4.9375,5.0203,4.9749,4.6071,4.8035,5.1336,5.1676,5.1589,4.971,5.125,4.9388,4.9585,5.3106,5.1449,5.115,4.8975,4.8254,4.7839,4.8057,4.4283,4.1162,4.6842,4.7095,4.8217,5.2111,5.3191,5.3352,5.4621,5.5826,5.7072,5.7612,5.6801,5.4056,5.1975,5.4798,5.3705,5.5363,5.6971,5.6147,5.6278,5.5817,5.241,5.3382,5.5796,5.4307,5.7841,5.7179,5.5565,5.6628,5.7747,5.8061,5.7161,5.7828,5.7588,5.7369,5.5367,5.7687,5.546,5.3557,5.3654,5.3686,5.4121,5.4307,5.3486,5.3553,5.5108,5.553,5.5208,5.4489,5.2838,5.2972,5.4461,5.2138,5.1246,5.3696,5.2955,5.3784,5.1854,5.4963,5.3867,5.2479,5.2732,5.3069,5.1967,5.7452,5.7091,5.6897,5.6495,5.4991,5.5895,5.4682,5.5722,5.6111,5.5165,5.5808,5.4519,5.4315,5.3103,5.3933,5.6139,5.4029,5.3657,5.22,5.3681,5.1639,5.1554,4.6881,4.4292,4.5134,4.2213,4.4681,4.2467,4.6832,4.0806,4.4065,4.3783,4.9326,4.9248,5.4213,5.2593,5.3972,5.4421,5.2569,5.2472,5.1605,5.2788,5.1691,4.9898,4.9991,4.8497,4.7374,4.6102,4.6627,5.118,4.9199,5.2633,5.3265,5.375,5.5212,5.4602,5.589,5.4166,5.3074,5.348,5.4611,5.2657,5.316,5.1921,4.8478,4.9912,4.7647,4.4967,4.8307,4.8951,4.7442,4.8698,4.7729,4.6405,5.0133,5.242,5.3817,5.1412,5.1507,5.0131,5.2443,5.5149,5.5273,5.6566,5.5163,5.7253,5.6787,5.5273,5.567,5.6095
11,1.3705,1.6792,3.262,3.5347,3.7812,3.7771,3.548,3.5175,3.8522,3.9845,4.4095,4.9572,4.8595,4.925,5.0812,5.0439,5.8469,6.4768,6.6205,6.7327,6.5987,6.3993,6.8833,7.0372,6.9917,6.9449,6.8801,6.8951,6.9825,7.068,8.1654,8.3478,8.786,8.3895,8.3435,7.896,8.2046,8.5225,8.5555,8.9544,8.5308,8.1779,8.3002,7.8701,7.7739,7.6369,7.2158,7.4934,8.0227,8.1579,8.3669,8.7512,8.9579,9.1753,9.5113,9.2283,8.6785,9.3098,9.2469,9.5792,9.8957,9.8945,9.7652,9.8142,9.5097,9.805,9.7634,10.027,9.9221,9.8766,9.857,10.127,9.9929,10.203,10.337,9.6912,9.2995,9.3988,9.4191,9.2514,9.6858,9.4926,9.9925,10.194,9.8782,9.8328,9.4851,10.344,10.464,10.446,10.13,10.025,10.226,10.605,10.653,10.407,10.087,10.201,10.241,10.283,10.197,10.144,10.363,10.452,10.043,10.453,10.265,10.349,10.398,10.405,10.199,10.638,10.183,10.043,9.5504,9.6736,10.025,10.244,10.083,10.34,10.494,10.375,10.714,10.72,10.543,10.511,10.638,10.696,10.614,10.373,10.376,10.517,10.272,9.9388,9.7568,9.9319,10.012,9.975,9.8797,10.282,10.208,10.389,10.127,10.026,9.6932,10.448,10.455,10.15,10.149,9.954,10.149,9.7177,9.2156,9.1847,9.5621,9.8972,10.079,9.6649,10.185,10.384,9.7377,9.5135,9.8828,9.8366,10.045,10.006,9.9669,9.9046,9.8303,10.036,9.7871,9.6801,9.5426,9.7594,9.995,9.9945,10.188,9.8445,9.8712,9.7864,9.8865,10.018,9.6633,9.7338,9.748,9.7263,9.0306,9.0078,8.7354,8.9494,9.2955,9.1772,9.8427,9.5249,9.248,9.8104,9.0727,9.3186,9.6685,9.9644,10.041,10.207
3,0.49257,1.1131,2.9856,2.9781,2.9536,2.8923,2.7049,2.6952,2.4548,2.5066,2.5557,2.5667,2.5888,2.4995,2.498,2.5387,2.6142,2.549,2.5456,2.496,2.5295,2.5846,2.6135,2.6199,2.5113,2.4382,2.4661,2.6171,2.5733,2.6657,2.6641,2.7931,2.7797,2.8089,2.8142,2.6953,2.7763,2.9188,2.9956,2.9719,2.9478,2.9365,2.9094,2.824,2.7393,2.7525,2.8172,2.8283,2.8824,2.8876,2.9036,2.9374,2.9747,2.9581,2.957,2.9911,2.8646,2.728,2.8756,2.7901,2.6928,2.7532,2.9692,2.9717,2.9855,2.9399,2.9457,2.7828,2.8346,2.8061,2.673,2.7095,2.7529,2.646,2.7625,2.7849,2.7621,2.8006,2.7391,2.5854,2.5499,2.4867,2.7206,2.7502,2.9023,2.888,2.7621,2.8197,2.7507,2.7339,2.7321,2.8009,2.6519,2.7519,2.7015,2.8457,2.8735,2.6476,2.9809,2.8536,2.8767,2.8949,2.8961,2.8966,2.8424,2.9445,2.9421,2.8762,2.9326,2.9409,2.7573,2.7458,2.8633,2.952,2.918,2.9748,2.8831,2.9278,2.9685,2.881,2.9117,2.6939,2.6357,2.4489,2.4614,2.5776,2.794,2.7061,2.6987,2.5679,2.4959,2.5038,2.8056,2.8985,2.9493,2.8131,2.7972,2.7317,2.8041,2.7641,2.8014,2.975,2.9746,2.9689,2.9549,2.8712,2.9085,2.9819,2.8774,2.7257,2.5932,2.4225,2.3459,2.3074,2.361,2.2224,2.3043,2.2695,2.3332,2.3977,2.528,2.3357,2.3525,2.4928,2.4975,2.6205,2.5322,2.6702,2.7865,2.7818,2.6961,2.6758,2.7534,2.7604,2.6999,2.5764,2.6119,2.7669,2.7662,2.7666,2.6774,2.7572,2.8806,2.8098,2.9185,2.9076,2.971,2.9581,2.9617,2.9148,2.9715,2.9559,2.9787,2.9792,2.9973,2.9649,2.947,2.9438,2.9925,2.9827,2.9579,2.9198
10,0.6685,1.0573,6.5763,6.1758,6.1062,6.1365,6.5387,6.8682,7.2342,7.5492,7.3608,7.0511,6.9059,6.8445,7.1304,7.4618,7.6927,7.5905,8.3878,8.4437,8.738,8.231,8.4548,8.5657,8.9031,8.2714,9.2726,9.1228,8.9881,9.1284,8.9628,8.9677,9.0121,8.8721,8.9749,9.0613,9.0291,8.9164,8.5158,8.2598,8.3287,8.2375,8.1895,8.8101,8.9352,8.6738,8.7411,8.7342,8.5891,8.8428,8.7131,8.7552,9.2252,9.0022,9.4437,9.3123,9.2687,9.4373,9.3219,9.2105,9.1562,9.1494,8.9371,8.6239,8.7601,9.0158,9.0079,9.1007,9.1439,9.1058,8.8459,8.6602,8.8707,8.9321,8.5971,8.4375,8.5402,8.0974,7.6803,7.3415,7.2264,6.3617,7.1167,8.2408,8.4212,8.5867,8.3794,8.4189,8.2784,8.1358,7.6377,7.7637,7.9633,7.6506,8.0365,7.9817,8.1497,7.6577,7.8215,8.0979,8.3194,8.6364,9.0877,8.6085,7.9034,8.0642,7.8627,7.9935,7.0747,7.6278,7.6343,7.6411,8.273,8.2788,8.3893,8.7815,9.0191,8.8917,9.0657,8.9855,9.0266,9.1664,8.9385,8.7401,8.2221,8.8033,8.4613,8.3203,8.3674,8.9385,8.7902,8.9139,8.7402,8.7173,8.8148,8.5924,8.5731,8.7621,8.8852,8.9978,9.2478,9.1316,9.289,9.4252,9.1408,8.5404,8.6012,8.998,8.8683,8.6412,8.7268,8.6676,8.8955,8.9536,9.0928,9.1293,8.9188,8.3687,8.6036,8.1858,8.4779,7.8901,7.5826,7.6121,7.4734,7.1707,7.9884,7.9554,8.7988,8.7943,9.0957,9.0822,9.3711,9.3111,9.0896,9.2341,9.4629,9.5518,9.6898,9.5401,9.6358,9.3245,9.7322,9.8115,9.6847,9.7227,9.4385,9.7772,9.4271,9.2865,9.4735,9.6955,9.7551,9.7381,9.5588,9.4422,9.2373,9.0908,8.3973,9.2659,9.5007,9.2007
7,1.421,1.3167,4.2591,4.1698,4.0707,4.3147,4.5326,4.5223,4.5571,4.181,4.1288,3.781,3.6513,3.7392,3.762,3.7935,3.6898,3.7686,3.904,3.8895,3.7686,4.0016,4.2309,4.3437,4.3171,4.2182,4.233,4.1967,4.1513,3.8953,3.9942,3.8587,3.8654,3.9844,4.4448,4.9384,5.074,5.4687,5.5667,5.9169,6.0813,6.2836,6.2698,5.9727,5.9401,6.2593,6.0235,5.8781,6.066,5.7657,5.825,5.8019,5.6961,5.5738,5.1657,5.2316,5.2528,5.4108,5.1071,5.0364,5.1219,4.5622,4.3471,5.1041,6.0742,5.6876,5.5894,5.8023,5.452,5.5364,5.3773,5.7915,6.2097,6.2005,6.208,6.1962,6.1156,6.1944,6.0366,6.0727,5.8533,5.6885,6.028,6.0394,6.0796,6.0322,5.9986,6.1416,6.2189,6.0269,5.7002,5.8151,6.3014,6.3202,6.1158,6.2749,6.2654,6.3312,6.0026,5.7768,6.1325,5.7482,5.6619,5.7136,5.8451,5.7614,5.7543,6.039,6.032,5.9252,6.0394,5.7546,5.6692,5.9259,5.6968,5.5853,5.4061,5.4802,5.6225,5.6528,5.5126,5.6153,5.9931,6.1371,6.185,5.9062,5.7763,5.7963,5.4882,5.4769,5.8665,5.851,5.9118,5.8093,5.7811,5.6763,5.8473,6.0083,6.3645,6.2998,6.2021,5.8615,5.6118,5.1627,5.9833,6.0871,6.1843,6.0989,5.9469,6.1136,6.0155,6.1714,6.4257,6.1247,6.1678,6.1591,6.1197,6.1556,6.1821,6.3298,6.2502,6.0291,6.2864,6.2445,6.4004,6.2309,6.0739,6.2758,6.3317,6.3617,6.1402,6.3782,6.4083,6.3179,6.1327,5.8435,6.1796,5.9003,5.8583,5.8461,5.83,5.9541,5.868,6.2548,6.1909,6.1765,5.9665,5.346,6.1822,6.246,6.1046,6.2541,6.0339,6.3636,6.2833,6.332,6.2132,5.9795,6.0659,6.0378,5.837,5.8905
11,0.87869,1.5315,6.3993,6.0211,6.0036,6.0688,6.2284,6.6658,6.5973,6.6746,6.7041,7.222,7.5709,7.6487,8.3472,8.436,8.3758,8.7156,8.6842,8.786,8.609,8.3313,8.5769,8.8005,8.8036,8.6744,8.0757,8.4693,8.3766,8.4443,8.4058,9.0535,9.064,9.2975,9.3965,9.4879,9.6736,9.8341,10.224,10.219,10.177,9.9477,10.031,10.197,10.22,10.167,9.9094,9.4894,10.472,10.177,10.259,10.471,10.428,10.132,10.216,10.199,10.112,10.432,10.147,9.4545,10.317,10.139,9.7381,10.184,9.7954,9.5567,9.7504,9.9971,9.9543,10.06,10.225,9.8086,10.25,10.354,9.8656,9.5825,9.6196,9.5375,9.0226,8.9419,9.2875,9.1289,9.2113,9.2462,9.1658,9.5592,9.7629,9.4221,9.2048,8.8482,8.7383,9.3544,9.1102,9.2876,9.2386,9.4558,9.7146,9.2047,9.4266,9.8273,9.9864,9.7776,10.154,10.006,9.8968,9.3763,9.5595,9.6282,9.3659,10.55,10.112,10.03,10.343,10.425,9.887,10.197,9.4449,9.4961,9.9315,10.25,9.8389,10.12,10.169,9.9568,10.299,10.21,9.8662,10.316,10.428,10.59,10.469,10.515,10.349,10.547,10.53,10.198,10.127,9.8566,9.8392,10.208,10.371,10.243,10.027,10.008,9.5017,9.5078,10.284,10.531,10.176,10.122,10.214,10.243,9.8446,9.7616,10.02,10.274,10.391,10.228,10.238,9.777,9.4876,10.186,9.7737,10.047,9.9381,10.058,10.328,9.718,10.26,9.9617,10.337,10.355,10.305,10.544,10.218,10.318,10.412,10.064,9.9777,10.205,9.7194,10.193,10.028,9.8006,9.9161,9.8823,9.9439,9.6364,9.6104,10.032,10.209,9.819,10.411,10.204,10.766,10.7,10.446,9.863,10.319,10.722,10.308,10.509
